{"min": -120.0, "max": -5.591946125030518, "mean": -97.45091994203133, "std": 19.725881131783513}