Model,x3_FilterCutoff,x24_Osc2Waveform,x20_Osc2Tune,x26_Lfo1Waveform,x28_Lfo1Rate,x30_Lfo1Amount,x27_Lfo2Waveform,x29_Lfo2Rate,x31_Lfo2Amount
Flow,0.393333333,0.5,0.75,0,0.06,0.968,0,0,0.5
GT,0.393333333,0.5,0.75,0.2,0.204,0.968,0,0,0.5
IS,0.393333333,0.5,0.75,0.4,0.204,0.936,0,0,0.5
IS2,0.393333333,0.5,0.75,0.2,0.204,0.968,0,0,0.5
IS2xITF,0.393333333,0.5,0.75,0.2,0.168,0.968,0,0,0.5
